{"Version":1,"ManifestType":"Publish","Endpoints":[{"Route":"Images/Inferno.png","AssetFile":"Images/Inferno.png","Selectors":[],"ResponseHeaders":[{"Name":"Accept-Ranges","Value":"bytes"},{"Name":"Cache-Control","Value":"no-cache"},{"Name":"Content-Length","Value":"255257"},{"Name":"Content-Type","Value":"image/png"},{"Name":"ETag","Value":"\"lAVrqsWghSVEn83Gbaxa0dS8Mm4lTe7bv1/IdBNMXO0=\""},{"Name":"Last-Modified","Value":"Fri, 01 Aug 2025 01:50:38 GMT"}],"EndpointProperties":[{"Name":"integrity","Value":"sha256-lAVrqsWghSVEn83Gbaxa0dS8Mm4lTe7bv1/IdBNMXO0="}]},{"Route":"Images/Ironhide.png","AssetFile":"Images/Ironhide.png","Selectors":[],"ResponseHeaders":[{"Name":"Accept-Ranges","Value":"bytes"},{"Name":"Cache-Control","Value":"no-cache"},{"Name":"Content-Length","Value":"116035"},{"Name":"Content-Type","Value":"image/png"},{"Name":"ETag","Value":"\"al+GVk4A4VA02glI5dqIYl3h3NQELBLew59aEtIOgvM=\""},{"Name":"Last-Modified","Value":"Fri, 01 Aug 2025 01:55:46 GMT"}],"EndpointProperties":[{"Name":"integrity","Value":"sha256-al+GVk4A4VA02glI5dqIYl3h3NQELBLew59aEtIOgvM="}]},{"Route":"Images/Megatron_(Decepticon).jpg","AssetFile":"Images/Megatron_(Decepticon).jpg","Selectors":[],"ResponseHeaders":[{"Name":"Accept-Ranges","Value":"bytes"},{"Name":"Cache-Control","Value":"no-cache"},{"Name":"Content-Length","Value":"19311"},{"Name":"Content-Type","Value":"image/jpeg"},{"Name":"ETag","Value":"\"2P+dNlEdm2CJe50xRZFMjuSAQv9EPjYS28AH1PsjwXQ=\""},{"Name":"Last-Modified","Value":"Wed, 02 Jul 2025 20:53:00 GMT"}],"EndpointProperties":[{"Name":"integrity","Value":"sha256-2P+dNlEdm2CJe50xRZFMjuSAQv9EPjYS28AH1PsjwXQ="}]},{"Route":"Images/Optimus.jpg","AssetFile":"Images/Optimus.jpg","Selectors":[],"ResponseHeaders":[{"Name":"Accept-Ranges","Value":"bytes"},{"Name":"Cache-Control","Value":"no-cache"},{"Name":"Content-Length","Value":"29885"},{"Name":"Content-Type","Value":"image/jpeg"},{"Name":"ETag","Value":"\"78hmA+Q8qNVmstsI6KKcfhMt5B8g6W7X3VPss+Xnw5Q=\""},{"Name":"Last-Modified","Value":"Sat, 05 Jul 2025 02:52:58 GMT"}],"EndpointProperties":[{"Name":"integrity","Value":"sha256-78hmA+Q8qNVmstsI6KKcfhMt5B8g6W7X3VPss+Xnw5Q="}]},{"Route":"Images/bumblebee.jpg","AssetFile":"Images/bumblebee.jpg","Selectors":[],"ResponseHeaders":[{"Name":"Accept-Ranges","Value":"bytes"},{"Name":"Cache-Control","Value":"no-cache"},{"Name":"Content-Length","Value":"29854"},{"Name":"Content-Type","Value":"image/jpeg"},{"Name":"ETag","Value":"\"Ev4M+//tKt0hO1Qbtd83wLF5PU/ngsD+VFsh4Q8TXRU=\""},{"Name":"Last-Modified","Value":"Sat, 05 Jul 2025 02:58:26 GMT"}],"EndpointProperties":[{"Name":"integrity","Value":"sha256-Ev4M+//tKt0hO1Qbtd83wLF5PU/ngsD+VFsh4Q8TXRU="}]},{"Route":"Images/sideswipe.png","AssetFile":"Images/sideswipe.png","Selectors":[],"ResponseHeaders":[{"Name":"Accept-Ranges","Value":"bytes"},{"Name":"Cache-Control","Value":"no-cache"},{"Name":"Content-Length","Value":"178729"},{"Name":"Content-Type","Value":"image/png"},{"Name":"ETag","Value":"\"LMrbJiKXSBMOu6ML/7AimYMIr3aizAR4yCriVRp2iRg=\""},{"Name":"Last-Modified","Value":"Fri, 01 Aug 2025 01:53:24 GMT"}],"EndpointProperties":[{"Name":"integrity","Value":"sha256-LMrbJiKXSBMOu6ML/7AimYMIr3aizAR4yCriVRp2iRg="}]},{"Route":"Images/soundwave.png","AssetFile":"Images/soundwave.png","Selectors":[],"ResponseHeaders":[{"Name":"Accept-Ranges","Value":"bytes"},{"Name":"Cache-Control","Value":"no-cache"},{"Name":"Content-Length","Value":"80883"},{"Name":"Content-Type","Value":"image/png"},{"Name":"ETag","Value":"\"lE6S+8hOB10o4ZsvErC+Y3K+lj9GfMUQKY4qIlrS1m4=\""},{"Name":"Last-Modified","Value":"Fri, 01 Aug 2025 01:50:54 GMT"}],"EndpointProperties":[{"Name":"integrity","Value":"sha256-lE6S+8hOB10o4ZsvErC+Y3K+lj9GfMUQKY4qIlrS1m4="}]},{"Route":"Images/starscream.jpg","AssetFile":"Images/starscream.jpg","Selectors":[],"ResponseHeaders":[{"Name":"Accept-Ranges","Value":"bytes"},{"Name":"Cache-Control","Value":"no-cache"},{"Name":"Content-Length","Value":"243127"},{"Name":"Content-Type","Value":"image/jpeg"},{"Name":"ETag","Value":"\"F1sdmbhGRUnPaQ4J5hvl4Mrq4Zl5SfDvZehoKnh9Qpo=\""},{"Name":"Last-Modified","Value":"Sat, 05 Jul 2025 03:43:06 GMT"}],"EndpointProperties":[{"Name":"integrity","Value":"sha256-F1sdmbhGRUnPaQ4J5hvl4Mrq4Zl5SfDvZehoKnh9Qpo="}]},{"Route":"Images/transformericon.jpg","AssetFile":"Images/transformericon.jpg","Selectors":[],"ResponseHeaders":[{"Name":"Accept-Ranges","Value":"bytes"},{"Name":"Cache-Control","Value":"no-cache"},{"Name":"Content-Length","Value":"29004"},{"Name":"Content-Type","Value":"image/jpeg"},{"Name":"ETag","Value":"\"OywQ6mZGbpcGGmloTQbUamYFbAz7cPU+/Qgbwle1zos=\""},{"Name":"Last-Modified","Value":"Thu, 03 Jul 2025 04:05:38 GMT"}],"EndpointProperties":[{"Name":"integrity","Value":"sha256-OywQ6mZGbpcGGmloTQbUamYFbAz7cPU+/Qgbwle1zos="}]},{"Route":"assets/index-BVEKIBxz.js","AssetFile":"assets/index-BVEKIBxz.js.br","Selectors":[{"Name":"Content-Encoding","Value":"br","Quality":"0.000019258546"}],"ResponseHeaders":[{"Name":"Accept-Ranges","Value":"bytes"},{"Name":"Cache-Control","Value":"no-cache"},{"Name":"Content-Encoding","Value":"br"},{"Name":"Content-Length","Value":"51924"},{"Name":"Content-Type","Value":"text/javascript"},{"Name":"ETag","Value":"\"RuVZOnEUK8YD0SvGKurCKJqJuX8rE8K0zAy+hWm7Z2I=\""},{"Name":"ETag","Value":"W/\"zPnXvXw/vJD8+ZTlYBka/33l1RSususoyc4xTTx8oow=\""},{"Name":"Last-Modified","Value":"Tue, 05 Aug 2025 02:29:12 GMT"},{"Name":"Vary","Value":"Content-Encoding"}],"EndpointProperties":[{"Name":"integrity","Value":"sha256-zPnXvXw/vJD8+ZTlYBka/33l1RSususoyc4xTTx8oow="}]},{"Route":"assets/index-BVEKIBxz.js","AssetFile":"assets/index-BVEKIBxz.js.gz","Selectors":[{"Name":"Content-Encoding","Value":"gzip","Quality":"0.000016623169"}],"ResponseHeaders":[{"Name":"Accept-Ranges","Value":"bytes"},{"Name":"Cache-Control","Value":"no-cache"},{"Name":"Content-Encoding","Value":"gzip"},{"Name":"Content-Length","Value":"60156"},{"Name":"Content-Type","Value":"text/javascript"},{"Name":"ETag","Value":"\"kfRy1BIuIc2Euuc7qOyAwF+vra7j2ukZgGp5YJnpjEc=\""},{"Name":"ETag","Value":"W/\"zPnXvXw/vJD8+ZTlYBka/33l1RSususoyc4xTTx8oow=\""},{"Name":"Last-Modified","Value":"Tue, 05 Aug 2025 02:29:12 GMT"},{"Name":"Vary","Value":"Content-Encoding"}],"EndpointProperties":[{"Name":"integrity","Value":"sha256-zPnXvXw/vJD8+ZTlYBka/33l1RSususoyc4xTTx8oow="}]},{"Route":"assets/index-BVEKIBxz.js","AssetFile":"assets/index-BVEKIBxz.js","Selectors":[],"ResponseHeaders":[{"Name":"Accept-Ranges","Value":"bytes"},{"Name":"Cache-Control","Value":"no-cache"},{"Name":"Content-Length","Value":"191386"},{"Name":"Content-Type","Value":"text/javascript"},{"Name":"ETag","Value":"\"zPnXvXw/vJD8+ZTlYBka/33l1RSususoyc4xTTx8oow=\""},{"Name":"Last-Modified","Value":"Tue, 05 Aug 2025 02:29:12 GMT"}],"EndpointProperties":[{"Name":"integrity","Value":"sha256-zPnXvXw/vJD8+ZTlYBka/33l1RSususoyc4xTTx8oow="}]},{"Route":"assets/index-BVEKIBxz.js.br","AssetFile":"assets/index-BVEKIBxz.js.br","Selectors":[],"ResponseHeaders":[{"Name":"Accept-Ranges","Value":"bytes"},{"Name":"Cache-Control","Value":"no-cache"},{"Name":"Content-Encoding","Value":"br"},{"Name":"Content-Length","Value":"51924"},{"Name":"Content-Type","Value":"text/javascript"},{"Name":"ETag","Value":"\"RuVZOnEUK8YD0SvGKurCKJqJuX8rE8K0zAy+hWm7Z2I=\""},{"Name":"Last-Modified","Value":"Tue, 05 Aug 2025 02:29:12 GMT"},{"Name":"Vary","Value":"Content-Encoding"}],"EndpointProperties":[{"Name":"integrity","Value":"sha256-RuVZOnEUK8YD0SvGKurCKJqJuX8rE8K0zAy+hWm7Z2I="}]},{"Route":"assets/index-BVEKIBxz.js.gz","AssetFile":"assets/index-BVEKIBxz.js.gz","Selectors":[],"ResponseHeaders":[{"Name":"Accept-Ranges","Value":"bytes"},{"Name":"Cache-Control","Value":"no-cache"},{"Name":"Content-Encoding","Value":"gzip"},{"Name":"Content-Length","Value":"60156"},{"Name":"Content-Type","Value":"text/javascript"},{"Name":"ETag","Value":"\"kfRy1BIuIc2Euuc7qOyAwF+vra7j2ukZgGp5YJnpjEc=\""},{"Name":"Last-Modified","Value":"Tue, 05 Aug 2025 02:29:12 GMT"},{"Name":"Vary","Value":"Content-Encoding"}],"EndpointProperties":[{"Name":"integrity","Value":"sha256-kfRy1BIuIc2Euuc7qOyAwF+vra7j2ukZgGp5YJnpjEc="}]},{"Route":"assets/index-DQQ0q0RU.css","AssetFile":"assets/index-DQQ0q0RU.css.br","Selectors":[{"Name":"Content-Encoding","Value":"br","Quality":"0.001461988304"}],"ResponseHeaders":[{"Name":"Accept-Ranges","Value":"bytes"},{"Name":"Cache-Control","Value":"no-cache"},{"Name":"Content-Encoding","Value":"br"},{"Name":"Content-Length","Value":"683"},{"Name":"Content-Type","Value":"text/css"},{"Name":"ETag","Value":"\"FXa4ZhVEFzCdYKjKb+wHxQHse4Q7CeQUr8dGzBCBW/0=\""},{"Name":"ETag","Value":"W/\"/QmlF9yhJhS3gOH6BKeQ/sD3q0JbO08WAOWwV6KkP1E=\""},{"Name":"Last-Modified","Value":"Tue, 05 Aug 2025 02:29:12 GMT"},{"Name":"Vary","Value":"Content-Encoding"}],"EndpointProperties":[{"Name":"integrity","Value":"sha256-/QmlF9yhJhS3gOH6BKeQ/sD3q0JbO08WAOWwV6KkP1E="}]},{"Route":"assets/index-DQQ0q0RU.css","AssetFile":"assets/index-DQQ0q0RU.css.gz","Selectors":[{"Name":"Content-Encoding","Value":"gzip","Quality":"0.001170960187"}],"ResponseHeaders":[{"Name":"Accept-Ranges","Value":"bytes"},{"Name":"Cache-Control","Value":"no-cache"},{"Name":"Content-Encoding","Value":"gzip"},{"Name":"Content-Length","Value":"853"},{"Name":"Content-Type","Value":"text/css"},{"Name":"ETag","Value":"\"sMGui0vbakY2MknTno/4Qclvq9D3QJBjAJ2SyLzIIpo=\""},{"Name":"ETag","Value":"W/\"/QmlF9yhJhS3gOH6BKeQ/sD3q0JbO08WAOWwV6KkP1E=\""},{"Name":"Last-Modified","Value":"Tue, 05 Aug 2025 02:29:12 GMT"},{"Name":"Vary","Value":"Content-Encoding"}],"EndpointProperties":[{"Name":"integrity","Value":"sha256-/QmlF9yhJhS3gOH6BKeQ/sD3q0JbO08WAOWwV6KkP1E="}]},{"Route":"assets/index-DQQ0q0RU.css","AssetFile":"assets/index-DQQ0q0RU.css","Selectors":[],"ResponseHeaders":[{"Name":"Accept-Ranges","Value":"bytes"},{"Name":"Cache-Control","Value":"no-cache"},{"Name":"Content-Length","Value":"1920"},{"Name":"Content-Type","Value":"text/css"},{"Name":"ETag","Value":"\"/QmlF9yhJhS3gOH6BKeQ/sD3q0JbO08WAOWwV6KkP1E=\""},{"Name":"Last-Modified","Value":"Tue, 05 Aug 2025 02:29:12 GMT"}],"EndpointProperties":[{"Name":"integrity","Value":"sha256-/QmlF9yhJhS3gOH6BKeQ/sD3q0JbO08WAOWwV6KkP1E="}]},{"Route":"assets/index-DQQ0q0RU.css.br","AssetFile":"assets/index-DQQ0q0RU.css.br","Selectors":[],"ResponseHeaders":[{"Name":"Accept-Ranges","Value":"bytes"},{"Name":"Cache-Control","Value":"no-cache"},{"Name":"Content-Encoding","Value":"br"},{"Name":"Content-Length","Value":"683"},{"Name":"Content-Type","Value":"text/css"},{"Name":"ETag","Value":"\"FXa4ZhVEFzCdYKjKb+wHxQHse4Q7CeQUr8dGzBCBW/0=\""},{"Name":"Last-Modified","Value":"Tue, 05 Aug 2025 02:29:12 GMT"},{"Name":"Vary","Value":"Content-Encoding"}],"EndpointProperties":[{"Name":"integrity","Value":"sha256-FXa4ZhVEFzCdYKjKb+wHxQHse4Q7CeQUr8dGzBCBW/0="}]},{"Route":"assets/index-DQQ0q0RU.css.gz","AssetFile":"assets/index-DQQ0q0RU.css.gz","Selectors":[],"ResponseHeaders":[{"Name":"Accept-Ranges","Value":"bytes"},{"Name":"Cache-Control","Value":"no-cache"},{"Name":"Content-Encoding","Value":"gzip"},{"Name":"Content-Length","Value":"853"},{"Name":"Content-Type","Value":"text/css"},{"Name":"ETag","Value":"\"sMGui0vbakY2MknTno/4Qclvq9D3QJBjAJ2SyLzIIpo=\""},{"Name":"Last-Modified","Value":"Tue, 05 Aug 2025 02:29:12 GMT"},{"Name":"Vary","Value":"Content-Encoding"}],"EndpointProperties":[{"Name":"integrity","Value":"sha256-sMGui0vbakY2MknTno/4Qclvq9D3QJBjAJ2SyLzIIpo="}]},{"Route":"index.html","AssetFile":"index.html.br","Selectors":[{"Name":"Content-Encoding","Value":"br","Quality":"0.005376344086"}],"ResponseHeaders":[{"Name":"Accept-Ranges","Value":"bytes"},{"Name":"Cache-Control","Value":"no-cache"},{"Name":"Content-Encoding","Value":"br"},{"Name":"Content-Length","Value":"185"},{"Name":"Content-Type","Value":"text/html"},{"Name":"ETag","Value":"\"LN1qIsBdkNngWiwj+KYzg4z3ACRa4I7R/4OAJW3f/GM=\""},{"Name":"ETag","Value":"W/\"/t9yEADoP9HNnOxSx87Mksx6DTMsLXbQccHi9pdx+2k=\""},{"Name":"Last-Modified","Value":"Tue, 05 Aug 2025 02:29:12 GMT"},{"Name":"Vary","Value":"Content-Encoding"}],"EndpointProperties":[{"Name":"integrity","Value":"sha256-/t9yEADoP9HNnOxSx87Mksx6DTMsLXbQccHi9pdx+2k="}]},{"Route":"index.html","AssetFile":"index.html.gz","Selectors":[{"Name":"Content-Encoding","Value":"gzip","Quality":"0.003311258278"}],"ResponseHeaders":[{"Name":"Accept-Ranges","Value":"bytes"},{"Name":"Cache-Control","Value":"no-cache"},{"Name":"Content-Encoding","Value":"gzip"},{"Name":"Content-Length","Value":"301"},{"Name":"Content-Type","Value":"text/html"},{"Name":"ETag","Value":"\"Gd2Vv7L4srKXp2tG7C/OTgjAiUPXAYtsa/fe/yqNgBU=\""},{"Name":"ETag","Value":"W/\"/t9yEADoP9HNnOxSx87Mksx6DTMsLXbQccHi9pdx+2k=\""},{"Name":"Last-Modified","Value":"Tue, 05 Aug 2025 02:29:12 GMT"},{"Name":"Vary","Value":"Content-Encoding"}],"EndpointProperties":[{"Name":"integrity","Value":"sha256-/t9yEADoP9HNnOxSx87Mksx6DTMsLXbQccHi9pdx+2k="}]},{"Route":"index.html","AssetFile":"index.html","Selectors":[],"ResponseHeaders":[{"Name":"Accept-Ranges","Value":"bytes"},{"Name":"Cache-Control","Value":"no-cache"},{"Name":"Content-Length","Value":"464"},{"Name":"Content-Type","Value":"text/html"},{"Name":"ETag","Value":"\"/t9yEADoP9HNnOxSx87Mksx6DTMsLXbQccHi9pdx+2k=\""},{"Name":"Last-Modified","Value":"Tue, 05 Aug 2025 02:29:12 GMT"}],"EndpointProperties":[{"Name":"integrity","Value":"sha256-/t9yEADoP9HNnOxSx87Mksx6DTMsLXbQccHi9pdx+2k="}]},{"Route":"index.html.br","AssetFile":"index.html.br","Selectors":[],"ResponseHeaders":[{"Name":"Accept-Ranges","Value":"bytes"},{"Name":"Cache-Control","Value":"no-cache"},{"Name":"Content-Encoding","Value":"br"},{"Name":"Content-Length","Value":"185"},{"Name":"Content-Type","Value":"text/html"},{"Name":"ETag","Value":"\"LN1qIsBdkNngWiwj+KYzg4z3ACRa4I7R/4OAJW3f/GM=\""},{"Name":"Last-Modified","Value":"Tue, 05 Aug 2025 02:29:12 GMT"},{"Name":"Vary","Value":"Content-Encoding"}],"EndpointProperties":[{"Name":"integrity","Value":"sha256-LN1qIsBdkNngWiwj+KYzg4z3ACRa4I7R/4OAJW3f/GM="}]},{"Route":"index.html.gz","AssetFile":"index.html.gz","Selectors":[],"ResponseHeaders":[{"Name":"Accept-Ranges","Value":"bytes"},{"Name":"Cache-Control","Value":"no-cache"},{"Name":"Content-Encoding","Value":"gzip"},{"Name":"Content-Length","Value":"301"},{"Name":"Content-Type","Value":"text/html"},{"Name":"ETag","Value":"\"Gd2Vv7L4srKXp2tG7C/OTgjAiUPXAYtsa/fe/yqNgBU=\""},{"Name":"Last-Modified","Value":"Tue, 05 Aug 2025 02:29:12 GMT"},{"Name":"Vary","Value":"Content-Encoding"}],"EndpointProperties":[{"Name":"integrity","Value":"sha256-Gd2Vv7L4srKXp2tG7C/OTgjAiUPXAYtsa/fe/yqNgBU="}]},{"Route":"vite.svg","AssetFile":"vite.svg.br","Selectors":[{"Name":"Content-Encoding","Value":"br","Quality":"0.001485884101"}],"ResponseHeaders":[{"Name":"Accept-Ranges","Value":"bytes"},{"Name":"Cache-Control","Value":"no-cache"},{"Name":"Content-Encoding","Value":"br"},{"Name":"Content-Length","Value":"672"},{"Name":"Content-Type","Value":"image/svg+xml"},{"Name":"ETag","Value":"\"ojgkTRs8O5BbJRvhn48R73h+4WBGEeBhXbrIrIbtbX0=\""},{"Name":"ETag","Value":"W/\"SnSK/UQ5GLsWWRyDTEAdrjPoeGGrXbrQgRw6O0qSFPs=\""},{"Name":"Last-Modified","Value":"Wed, 16 Jul 2025 02:38:20 GMT"},{"Name":"Vary","Value":"Content-Encoding"}],"EndpointProperties":[{"Name":"integrity","Value":"sha256-SnSK/UQ5GLsWWRyDTEAdrjPoeGGrXbrQgRw6O0qSFPs="}]},{"Route":"vite.svg","AssetFile":"vite.svg.gz","Selectors":[{"Name":"Content-Encoding","Value":"gzip","Quality":"0.001295336788"}],"ResponseHeaders":[{"Name":"Accept-Ranges","Value":"bytes"},{"Name":"Cache-Control","Value":"no-cache"},{"Name":"Content-Encoding","Value":"gzip"},{"Name":"Content-Length","Value":"771"},{"Name":"Content-Type","Value":"image/svg+xml"},{"Name":"ETag","Value":"\"42ZKYnnpG2O7vIztmMCZl7s7P7zEVzwp4uJimFruiSY=\""},{"Name":"ETag","Value":"W/\"SnSK/UQ5GLsWWRyDTEAdrjPoeGGrXbrQgRw6O0qSFPs=\""},{"Name":"Last-Modified","Value":"Wed, 16 Jul 2025 02:38:20 GMT"},{"Name":"Vary","Value":"Content-Encoding"}],"EndpointProperties":[{"Name":"integrity","Value":"sha256-SnSK/UQ5GLsWWRyDTEAdrjPoeGGrXbrQgRw6O0qSFPs="}]},{"Route":"vite.svg","AssetFile":"vite.svg","Selectors":[],"ResponseHeaders":[{"Name":"Accept-Ranges","Value":"bytes"},{"Name":"Cache-Control","Value":"no-cache"},{"Name":"Content-Length","Value":"1497"},{"Name":"Content-Type","Value":"image/svg+xml"},{"Name":"ETag","Value":"\"SnSK/UQ5GLsWWRyDTEAdrjPoeGGrXbrQgRw6O0qSFPs=\""},{"Name":"Last-Modified","Value":"Sun, 29 Jun 2025 19:33:02 GMT"}],"EndpointProperties":[{"Name":"integrity","Value":"sha256-SnSK/UQ5GLsWWRyDTEAdrjPoeGGrXbrQgRw6O0qSFPs="}]},{"Route":"vite.svg.br","AssetFile":"vite.svg.br","Selectors":[],"ResponseHeaders":[{"Name":"Accept-Ranges","Value":"bytes"},{"Name":"Cache-Control","Value":"no-cache"},{"Name":"Content-Encoding","Value":"br"},{"Name":"Content-Length","Value":"672"},{"Name":"Content-Type","Value":"image/svg+xml"},{"Name":"ETag","Value":"\"ojgkTRs8O5BbJRvhn48R73h+4WBGEeBhXbrIrIbtbX0=\""},{"Name":"Last-Modified","Value":"Wed, 16 Jul 2025 02:38:20 GMT"},{"Name":"Vary","Value":"Content-Encoding"}],"EndpointProperties":[{"Name":"integrity","Value":"sha256-ojgkTRs8O5BbJRvhn48R73h+4WBGEeBhXbrIrIbtbX0="}]},{"Route":"vite.svg.gz","AssetFile":"vite.svg.gz","Selectors":[],"ResponseHeaders":[{"Name":"Accept-Ranges","Value":"bytes"},{"Name":"Cache-Control","Value":"no-cache"},{"Name":"Content-Encoding","Value":"gzip"},{"Name":"Content-Length","Value":"771"},{"Name":"Content-Type","Value":"image/svg+xml"},{"Name":"ETag","Value":"\"42ZKYnnpG2O7vIztmMCZl7s7P7zEVzwp4uJimFruiSY=\""},{"Name":"Last-Modified","Value":"Wed, 16 Jul 2025 02:38:20 GMT"},{"Name":"Vary","Value":"Content-Encoding"}],"EndpointProperties":[{"Name":"integrity","Value":"sha256-42ZKYnnpG2O7vIztmMCZl7s7P7zEVzwp4uJimFruiSY="}]}]}