{"Version":1,"ManifestType":"Publish","Endpoints":[{"Route":"Images/Inferno.png","AssetFile":"Images/Inferno.png","Selectors":[],"ResponseHeaders":[{"Name":"Accept-Ranges","Value":"bytes"},{"Name":"Cache-Control","Value":"no-cache"},{"Name":"Content-Length","Value":"255257"},{"Name":"Content-Type","Value":"image/png"},{"Name":"ETag","Value":"\"lAVrqsWghSVEn83Gbaxa0dS8Mm4lTe7bv1/IdBNMXO0=\""},{"Name":"Last-Modified","Value":"Fri, 01 Aug 2025 01:50:38 GMT"}],"EndpointProperties":[{"Name":"integrity","Value":"sha256-lAVrqsWghSVEn83Gbaxa0dS8Mm4lTe7bv1/IdBNMXO0="}]},{"Route":"Images/Ironhide.png","AssetFile":"Images/Ironhide.png","Selectors":[],"ResponseHeaders":[{"Name":"Accept-Ranges","Value":"bytes"},{"Name":"Cache-Control","Value":"no-cache"},{"Name":"Content-Length","Value":"116035"},{"Name":"Content-Type","Value":"image/png"},{"Name":"ETag","Value":"\"al+GVk4A4VA02glI5dqIYl3h3NQELBLew59aEtIOgvM=\""},{"Name":"Last-Modified","Value":"Fri, 01 Aug 2025 01:55:46 GMT"}],"EndpointProperties":[{"Name":"integrity","Value":"sha256-al+GVk4A4VA02glI5dqIYl3h3NQELBLew59aEtIOgvM="}]},{"Route":"Images/Megatron_(Decepticon).jpg","AssetFile":"Images/Megatron_(Decepticon).jpg","Selectors":[],"ResponseHeaders":[{"Name":"Accept-Ranges","Value":"bytes"},{"Name":"Cache-Control","Value":"no-cache"},{"Name":"Content-Length","Value":"19311"},{"Name":"Content-Type","Value":"image/jpeg"},{"Name":"ETag","Value":"\"2P+dNlEdm2CJe50xRZFMjuSAQv9EPjYS28AH1PsjwXQ=\""},{"Name":"Last-Modified","Value":"Wed, 02 Jul 2025 20:53:00 GMT"}],"EndpointProperties":[{"Name":"integrity","Value":"sha256-2P+dNlEdm2CJe50xRZFMjuSAQv9EPjYS28AH1PsjwXQ="}]},{"Route":"Images/Optimus.jpg","AssetFile":"Images/Optimus.jpg","Selectors":[],"ResponseHeaders":[{"Name":"Accept-Ranges","Value":"bytes"},{"Name":"Cache-Control","Value":"no-cache"},{"Name":"Content-Length","Value":"29885"},{"Name":"Content-Type","Value":"image/jpeg"},{"Name":"ETag","Value":"\"78hmA+Q8qNVmstsI6KKcfhMt5B8g6W7X3VPss+Xnw5Q=\""},{"Name":"Last-Modified","Value":"Sat, 05 Jul 2025 02:52:58 GMT"}],"EndpointProperties":[{"Name":"integrity","Value":"sha256-78hmA+Q8qNVmstsI6KKcfhMt5B8g6W7X3VPss+Xnw5Q="}]},{"Route":"Images/bumblebee.jpg","AssetFile":"Images/bumblebee.jpg","Selectors":[],"ResponseHeaders":[{"Name":"Accept-Ranges","Value":"bytes"},{"Name":"Cache-Control","Value":"no-cache"},{"Name":"Content-Length","Value":"29854"},{"Name":"Content-Type","Value":"image/jpeg"},{"Name":"ETag","Value":"\"Ev4M+//tKt0hO1Qbtd83wLF5PU/ngsD+VFsh4Q8TXRU=\""},{"Name":"Last-Modified","Value":"Sat, 05 Jul 2025 02:58:26 GMT"}],"EndpointProperties":[{"Name":"integrity","Value":"sha256-Ev4M+//tKt0hO1Qbtd83wLF5PU/ngsD+VFsh4Q8TXRU="}]},{"Route":"Images/sideswipe.png","AssetFile":"Images/sideswipe.png","Selectors":[],"ResponseHeaders":[{"Name":"Accept-Ranges","Value":"bytes"},{"Name":"Cache-Control","Value":"no-cache"},{"Name":"Content-Length","Value":"178729"},{"Name":"Content-Type","Value":"image/png"},{"Name":"ETag","Value":"\"LMrbJiKXSBMOu6ML/7AimYMIr3aizAR4yCriVRp2iRg=\""},{"Name":"Last-Modified","Value":"Fri, 01 Aug 2025 01:53:24 GMT"}],"EndpointProperties":[{"Name":"integrity","Value":"sha256-LMrbJiKXSBMOu6ML/7AimYMIr3aizAR4yCriVRp2iRg="}]},{"Route":"Images/soundwave.png","AssetFile":"Images/soundwave.png","Selectors":[],"ResponseHeaders":[{"Name":"Accept-Ranges","Value":"bytes"},{"Name":"Cache-Control","Value":"no-cache"},{"Name":"Content-Length","Value":"80883"},{"Name":"Content-Type","Value":"image/png"},{"Name":"ETag","Value":"\"lE6S+8hOB10o4ZsvErC+Y3K+lj9GfMUQKY4qIlrS1m4=\""},{"Name":"Last-Modified","Value":"Fri, 01 Aug 2025 01:50:54 GMT"}],"EndpointProperties":[{"Name":"integrity","Value":"sha256-lE6S+8hOB10o4ZsvErC+Y3K+lj9GfMUQKY4qIlrS1m4="}]},{"Route":"Images/starscream.jpg","AssetFile":"Images/starscream.jpg","Selectors":[],"ResponseHeaders":[{"Name":"Accept-Ranges","Value":"bytes"},{"Name":"Cache-Control","Value":"no-cache"},{"Name":"Content-Length","Value":"243127"},{"Name":"Content-Type","Value":"image/jpeg"},{"Name":"ETag","Value":"\"F1sdmbhGRUnPaQ4J5hvl4Mrq4Zl5SfDvZehoKnh9Qpo=\""},{"Name":"Last-Modified","Value":"Sat, 05 Jul 2025 03:43:06 GMT"}],"EndpointProperties":[{"Name":"integrity","Value":"sha256-F1sdmbhGRUnPaQ4J5hvl4Mrq4Zl5SfDvZehoKnh9Qpo="}]},{"Route":"Images/transformericon.jpg","AssetFile":"Images/transformericon.jpg","Selectors":[],"ResponseHeaders":[{"Name":"Accept-Ranges","Value":"bytes"},{"Name":"Cache-Control","Value":"no-cache"},{"Name":"Content-Length","Value":"29004"},{"Name":"Content-Type","Value":"image/jpeg"},{"Name":"ETag","Value":"\"OywQ6mZGbpcGGmloTQbUamYFbAz7cPU+/Qgbwle1zos=\""},{"Name":"Last-Modified","Value":"Thu, 03 Jul 2025 04:05:38 GMT"}],"EndpointProperties":[{"Name":"integrity","Value":"sha256-OywQ6mZGbpcGGmloTQbUamYFbAz7cPU+/Qgbwle1zos="}]},{"Route":"assets/index-CTE4g2NU.css","AssetFile":"assets/index-CTE4g2NU.css.br","Selectors":[{"Name":"Content-Encoding","Value":"br","Quality":"0.001477104874"}],"ResponseHeaders":[{"Name":"Accept-Ranges","Value":"bytes"},{"Name":"Cache-Control","Value":"no-cache"},{"Name":"Content-Encoding","Value":"br"},{"Name":"Content-Length","Value":"676"},{"Name":"Content-Type","Value":"text/css"},{"Name":"ETag","Value":"\"o2RrtTdjVPfHDXyW4zkLJm4WrjnCUO/DdJWibaXaPXw=\""},{"Name":"ETag","Value":"W/\"GHlIRaAdFwmnrHcU6XalQFWASHShCbxjJ0cK2393ddA=\""},{"Name":"Last-Modified","Value":"Sun, 03 Aug 2025 01:01:12 GMT"},{"Name":"Vary","Value":"Content-Encoding"}],"EndpointProperties":[{"Name":"integrity","Value":"sha256-GHlIRaAdFwmnrHcU6XalQFWASHShCbxjJ0cK2393ddA="}]},{"Route":"assets/index-CTE4g2NU.css","AssetFile":"assets/index-CTE4g2NU.css.gz","Selectors":[{"Name":"Content-Encoding","Value":"gzip","Quality":"0.001187648456"}],"ResponseHeaders":[{"Name":"Accept-Ranges","Value":"bytes"},{"Name":"Cache-Control","Value":"no-cache"},{"Name":"Content-Encoding","Value":"gzip"},{"Name":"Content-Length","Value":"841"},{"Name":"Content-Type","Value":"text/css"},{"Name":"ETag","Value":"\"xDm20jHSBE7piLTxxRb5RGAJ0VW5z1gc1RNy81D8eAs=\""},{"Name":"ETag","Value":"W/\"GHlIRaAdFwmnrHcU6XalQFWASHShCbxjJ0cK2393ddA=\""},{"Name":"Last-Modified","Value":"Sun, 03 Aug 2025 01:01:12 GMT"},{"Name":"Vary","Value":"Content-Encoding"}],"EndpointProperties":[{"Name":"integrity","Value":"sha256-GHlIRaAdFwmnrHcU6XalQFWASHShCbxjJ0cK2393ddA="}]},{"Route":"assets/index-CTE4g2NU.css","AssetFile":"assets/index-CTE4g2NU.css","Selectors":[],"ResponseHeaders":[{"Name":"Accept-Ranges","Value":"bytes"},{"Name":"Cache-Control","Value":"no-cache"},{"Name":"Content-Length","Value":"2033"},{"Name":"Content-Type","Value":"text/css"},{"Name":"ETag","Value":"\"GHlIRaAdFwmnrHcU6XalQFWASHShCbxjJ0cK2393ddA=\""},{"Name":"Last-Modified","Value":"Sun, 03 Aug 2025 01:01:12 GMT"}],"EndpointProperties":[{"Name":"integrity","Value":"sha256-GHlIRaAdFwmnrHcU6XalQFWASHShCbxjJ0cK2393ddA="}]},{"Route":"assets/index-CTE4g2NU.css.br","AssetFile":"assets/index-CTE4g2NU.css.br","Selectors":[],"ResponseHeaders":[{"Name":"Accept-Ranges","Value":"bytes"},{"Name":"Cache-Control","Value":"no-cache"},{"Name":"Content-Encoding","Value":"br"},{"Name":"Content-Length","Value":"676"},{"Name":"Content-Type","Value":"text/css"},{"Name":"ETag","Value":"\"o2RrtTdjVPfHDXyW4zkLJm4WrjnCUO/DdJWibaXaPXw=\""},{"Name":"Last-Modified","Value":"Sun, 03 Aug 2025 01:01:12 GMT"},{"Name":"Vary","Value":"Content-Encoding"}],"EndpointProperties":[{"Name":"integrity","Value":"sha256-o2RrtTdjVPfHDXyW4zkLJm4WrjnCUO/DdJWibaXaPXw="}]},{"Route":"assets/index-CTE4g2NU.css.gz","AssetFile":"assets/index-CTE4g2NU.css.gz","Selectors":[],"ResponseHeaders":[{"Name":"Accept-Ranges","Value":"bytes"},{"Name":"Cache-Control","Value":"no-cache"},{"Name":"Content-Encoding","Value":"gzip"},{"Name":"Content-Length","Value":"841"},{"Name":"Content-Type","Value":"text/css"},{"Name":"ETag","Value":"\"xDm20jHSBE7piLTxxRb5RGAJ0VW5z1gc1RNy81D8eAs=\""},{"Name":"Last-Modified","Value":"Sun, 03 Aug 2025 01:01:12 GMT"},{"Name":"Vary","Value":"Content-Encoding"}],"EndpointProperties":[{"Name":"integrity","Value":"sha256-xDm20jHSBE7piLTxxRb5RGAJ0VW5z1gc1RNy81D8eAs="}]},{"Route":"assets/index-Cqt1y5tr.js","AssetFile":"assets/index-Cqt1y5tr.js.br","Selectors":[{"Name":"Content-Encoding","Value":"br","Quality":"0.000019247426"}],"ResponseHeaders":[{"Name":"Accept-Ranges","Value":"bytes"},{"Name":"Cache-Control","Value":"no-cache"},{"Name":"Content-Encoding","Value":"br"},{"Name":"Content-Length","Value":"51954"},{"Name":"Content-Type","Value":"text/javascript"},{"Name":"ETag","Value":"\"9ILAAjyc/w6+W+f9woad9Eb8y3a9YAeMclZBV8sogNs=\""},{"Name":"ETag","Value":"W/\"hxfQZ4t7DCJ2bCbQSCZcscNIpXj2WB39938TEGptlwY=\""},{"Name":"Last-Modified","Value":"Sun, 03 Aug 2025 01:01:12 GMT"},{"Name":"Vary","Value":"Content-Encoding"}],"EndpointProperties":[{"Name":"integrity","Value":"sha256-hxfQZ4t7DCJ2bCbQSCZcscNIpXj2WB39938TEGptlwY="}]},{"Route":"assets/index-Cqt1y5tr.js","AssetFile":"assets/index-Cqt1y5tr.js.gz","Selectors":[{"Name":"Content-Encoding","Value":"gzip","Quality":"0.000016651126"}],"ResponseHeaders":[{"Name":"Accept-Ranges","Value":"bytes"},{"Name":"Cache-Control","Value":"no-cache"},{"Name":"Content-Encoding","Value":"gzip"},{"Name":"Content-Length","Value":"60055"},{"Name":"Content-Type","Value":"text/javascript"},{"Name":"ETag","Value":"\"IBz/rI4KxWuGvcFzUxvp9G/U+rd4gTu0UmZG8kDMXgI=\""},{"Name":"ETag","Value":"W/\"hxfQZ4t7DCJ2bCbQSCZcscNIpXj2WB39938TEGptlwY=\""},{"Name":"Last-Modified","Value":"Sun, 03 Aug 2025 01:01:12 GMT"},{"Name":"Vary","Value":"Content-Encoding"}],"EndpointProperties":[{"Name":"integrity","Value":"sha256-hxfQZ4t7DCJ2bCbQSCZcscNIpXj2WB39938TEGptlwY="}]},{"Route":"assets/index-Cqt1y5tr.js","AssetFile":"assets/index-Cqt1y5tr.js","Selectors":[],"ResponseHeaders":[{"Name":"Accept-Ranges","Value":"bytes"},{"Name":"Cache-Control","Value":"no-cache"},{"Name":"Content-Length","Value":"191716"},{"Name":"Content-Type","Value":"text/javascript"},{"Name":"ETag","Value":"\"hxfQZ4t7DCJ2bCbQSCZcscNIpXj2WB39938TEGptlwY=\""},{"Name":"Last-Modified","Value":"Sun, 03 Aug 2025 01:01:12 GMT"}],"EndpointProperties":[{"Name":"integrity","Value":"sha256-hxfQZ4t7DCJ2bCbQSCZcscNIpXj2WB39938TEGptlwY="}]},{"Route":"assets/index-Cqt1y5tr.js.br","AssetFile":"assets/index-Cqt1y5tr.js.br","Selectors":[],"ResponseHeaders":[{"Name":"Accept-Ranges","Value":"bytes"},{"Name":"Cache-Control","Value":"no-cache"},{"Name":"Content-Encoding","Value":"br"},{"Name":"Content-Length","Value":"51954"},{"Name":"Content-Type","Value":"text/javascript"},{"Name":"ETag","Value":"\"9ILAAjyc/w6+W+f9woad9Eb8y3a9YAeMclZBV8sogNs=\""},{"Name":"Last-Modified","Value":"Sun, 03 Aug 2025 01:01:12 GMT"},{"Name":"Vary","Value":"Content-Encoding"}],"EndpointProperties":[{"Name":"integrity","Value":"sha256-9ILAAjyc/w6+W+f9woad9Eb8y3a9YAeMclZBV8sogNs="}]},{"Route":"assets/index-Cqt1y5tr.js.gz","AssetFile":"assets/index-Cqt1y5tr.js.gz","Selectors":[],"ResponseHeaders":[{"Name":"Accept-Ranges","Value":"bytes"},{"Name":"Cache-Control","Value":"no-cache"},{"Name":"Content-Encoding","Value":"gzip"},{"Name":"Content-Length","Value":"60055"},{"Name":"Content-Type","Value":"text/javascript"},{"Name":"ETag","Value":"\"IBz/rI4KxWuGvcFzUxvp9G/U+rd4gTu0UmZG8kDMXgI=\""},{"Name":"Last-Modified","Value":"Sun, 03 Aug 2025 01:01:12 GMT"},{"Name":"Vary","Value":"Content-Encoding"}],"EndpointProperties":[{"Name":"integrity","Value":"sha256-IBz/rI4KxWuGvcFzUxvp9G/U+rd4gTu0UmZG8kDMXgI="}]},{"Route":"index.html","AssetFile":"index.html.br","Selectors":[{"Name":"Content-Encoding","Value":"br","Quality":"0.005376344086"}],"ResponseHeaders":[{"Name":"Accept-Ranges","Value":"bytes"},{"Name":"Cache-Control","Value":"no-cache"},{"Name":"Content-Encoding","Value":"br"},{"Name":"Content-Length","Value":"185"},{"Name":"Content-Type","Value":"text/html"},{"Name":"ETag","Value":"\"aLPM2hf7eL9DqBHi0sIVhglWUhcXc/aJgT4bChQDDUU=\""},{"Name":"ETag","Value":"W/\"JhzNRku4cL+a/GaS8KGTS++wCv0gGYgdtt4kbcRyVC0=\""},{"Name":"Last-Modified","Value":"Sun, 03 Aug 2025 01:01:12 GMT"},{"Name":"Vary","Value":"Content-Encoding"}],"EndpointProperties":[{"Name":"integrity","Value":"sha256-JhzNRku4cL+a/GaS8KGTS++wCv0gGYgdtt4kbcRyVC0="}]},{"Route":"index.html","AssetFile":"index.html.gz","Selectors":[{"Name":"Content-Encoding","Value":"gzip","Quality":"0.003355704698"}],"ResponseHeaders":[{"Name":"Accept-Ranges","Value":"bytes"},{"Name":"Cache-Control","Value":"no-cache"},{"Name":"Content-Encoding","Value":"gzip"},{"Name":"Content-Length","Value":"297"},{"Name":"Content-Type","Value":"text/html"},{"Name":"ETag","Value":"\"KZsfzmqRWSAMKZr9luwdnjIyir7uHMeZ113nr4GM2iw=\""},{"Name":"ETag","Value":"W/\"JhzNRku4cL+a/GaS8KGTS++wCv0gGYgdtt4kbcRyVC0=\""},{"Name":"Last-Modified","Value":"Sun, 03 Aug 2025 01:01:12 GMT"},{"Name":"Vary","Value":"Content-Encoding"}],"EndpointProperties":[{"Name":"integrity","Value":"sha256-JhzNRku4cL+a/GaS8KGTS++wCv0gGYgdtt4kbcRyVC0="}]},{"Route":"index.html","AssetFile":"index.html","Selectors":[],"ResponseHeaders":[{"Name":"Accept-Ranges","Value":"bytes"},{"Name":"Cache-Control","Value":"no-cache"},{"Name":"Content-Length","Value":"464"},{"Name":"Content-Type","Value":"text/html"},{"Name":"ETag","Value":"\"JhzNRku4cL+a/GaS8KGTS++wCv0gGYgdtt4kbcRyVC0=\""},{"Name":"Last-Modified","Value":"Sun, 03 Aug 2025 01:01:12 GMT"}],"EndpointProperties":[{"Name":"integrity","Value":"sha256-JhzNRku4cL+a/GaS8KGTS++wCv0gGYgdtt4kbcRyVC0="}]},{"Route":"index.html.br","AssetFile":"index.html.br","Selectors":[],"ResponseHeaders":[{"Name":"Accept-Ranges","Value":"bytes"},{"Name":"Cache-Control","Value":"no-cache"},{"Name":"Content-Encoding","Value":"br"},{"Name":"Content-Length","Value":"185"},{"Name":"Content-Type","Value":"text/html"},{"Name":"ETag","Value":"\"aLPM2hf7eL9DqBHi0sIVhglWUhcXc/aJgT4bChQDDUU=\""},{"Name":"Last-Modified","Value":"Sun, 03 Aug 2025 01:01:12 GMT"},{"Name":"Vary","Value":"Content-Encoding"}],"EndpointProperties":[{"Name":"integrity","Value":"sha256-aLPM2hf7eL9DqBHi0sIVhglWUhcXc/aJgT4bChQDDUU="}]},{"Route":"index.html.gz","AssetFile":"index.html.gz","Selectors":[],"ResponseHeaders":[{"Name":"Accept-Ranges","Value":"bytes"},{"Name":"Cache-Control","Value":"no-cache"},{"Name":"Content-Encoding","Value":"gzip"},{"Name":"Content-Length","Value":"297"},{"Name":"Content-Type","Value":"text/html"},{"Name":"ETag","Value":"\"KZsfzmqRWSAMKZr9luwdnjIyir7uHMeZ113nr4GM2iw=\""},{"Name":"Last-Modified","Value":"Sun, 03 Aug 2025 01:01:12 GMT"},{"Name":"Vary","Value":"Content-Encoding"}],"EndpointProperties":[{"Name":"integrity","Value":"sha256-KZsfzmqRWSAMKZr9luwdnjIyir7uHMeZ113nr4GM2iw="}]},{"Route":"vite.svg","AssetFile":"vite.svg.br","Selectors":[{"Name":"Content-Encoding","Value":"br","Quality":"0.001485884101"}],"ResponseHeaders":[{"Name":"Accept-Ranges","Value":"bytes"},{"Name":"Cache-Control","Value":"no-cache"},{"Name":"Content-Encoding","Value":"br"},{"Name":"Content-Length","Value":"672"},{"Name":"Content-Type","Value":"image/svg+xml"},{"Name":"ETag","Value":"\"ojgkTRs8O5BbJRvhn48R73h+4WBGEeBhXbrIrIbtbX0=\""},{"Name":"ETag","Value":"W/\"SnSK/UQ5GLsWWRyDTEAdrjPoeGGrXbrQgRw6O0qSFPs=\""},{"Name":"Last-Modified","Value":"Wed, 16 Jul 2025 02:38:20 GMT"},{"Name":"Vary","Value":"Content-Encoding"}],"EndpointProperties":[{"Name":"integrity","Value":"sha256-SnSK/UQ5GLsWWRyDTEAdrjPoeGGrXbrQgRw6O0qSFPs="}]},{"Route":"vite.svg","AssetFile":"vite.svg.gz","Selectors":[{"Name":"Content-Encoding","Value":"gzip","Quality":"0.001295336788"}],"ResponseHeaders":[{"Name":"Accept-Ranges","Value":"bytes"},{"Name":"Cache-Control","Value":"no-cache"},{"Name":"Content-Encoding","Value":"gzip"},{"Name":"Content-Length","Value":"771"},{"Name":"Content-Type","Value":"image/svg+xml"},{"Name":"ETag","Value":"\"42ZKYnnpG2O7vIztmMCZl7s7P7zEVzwp4uJimFruiSY=\""},{"Name":"ETag","Value":"W/\"SnSK/UQ5GLsWWRyDTEAdrjPoeGGrXbrQgRw6O0qSFPs=\""},{"Name":"Last-Modified","Value":"Wed, 16 Jul 2025 02:38:20 GMT"},{"Name":"Vary","Value":"Content-Encoding"}],"EndpointProperties":[{"Name":"integrity","Value":"sha256-SnSK/UQ5GLsWWRyDTEAdrjPoeGGrXbrQgRw6O0qSFPs="}]},{"Route":"vite.svg","AssetFile":"vite.svg","Selectors":[],"ResponseHeaders":[{"Name":"Accept-Ranges","Value":"bytes"},{"Name":"Cache-Control","Value":"no-cache"},{"Name":"Content-Length","Value":"1497"},{"Name":"Content-Type","Value":"image/svg+xml"},{"Name":"ETag","Value":"\"SnSK/UQ5GLsWWRyDTEAdrjPoeGGrXbrQgRw6O0qSFPs=\""},{"Name":"Last-Modified","Value":"Sun, 29 Jun 2025 19:33:02 GMT"}],"EndpointProperties":[{"Name":"integrity","Value":"sha256-SnSK/UQ5GLsWWRyDTEAdrjPoeGGrXbrQgRw6O0qSFPs="}]},{"Route":"vite.svg.br","AssetFile":"vite.svg.br","Selectors":[],"ResponseHeaders":[{"Name":"Accept-Ranges","Value":"bytes"},{"Name":"Cache-Control","Value":"no-cache"},{"Name":"Content-Encoding","Value":"br"},{"Name":"Content-Length","Value":"672"},{"Name":"Content-Type","Value":"image/svg+xml"},{"Name":"ETag","Value":"\"ojgkTRs8O5BbJRvhn48R73h+4WBGEeBhXbrIrIbtbX0=\""},{"Name":"Last-Modified","Value":"Wed, 16 Jul 2025 02:38:20 GMT"},{"Name":"Vary","Value":"Content-Encoding"}],"EndpointProperties":[{"Name":"integrity","Value":"sha256-ojgkTRs8O5BbJRvhn48R73h+4WBGEeBhXbrIrIbtbX0="}]},{"Route":"vite.svg.gz","AssetFile":"vite.svg.gz","Selectors":[],"ResponseHeaders":[{"Name":"Accept-Ranges","Value":"bytes"},{"Name":"Cache-Control","Value":"no-cache"},{"Name":"Content-Encoding","Value":"gzip"},{"Name":"Content-Length","Value":"771"},{"Name":"Content-Type","Value":"image/svg+xml"},{"Name":"ETag","Value":"\"42ZKYnnpG2O7vIztmMCZl7s7P7zEVzwp4uJimFruiSY=\""},{"Name":"Last-Modified","Value":"Wed, 16 Jul 2025 02:38:20 GMT"},{"Name":"Vary","Value":"Content-Encoding"}],"EndpointProperties":[{"Name":"integrity","Value":"sha256-42ZKYnnpG2O7vIztmMCZl7s7P7zEVzwp4uJimFruiSY="}]}]}