{"Version":1,"ManifestType":"Publish","Endpoints":[{"Route":"Images/Inferno.png","AssetFile":"Images/Inferno.png","Selectors":[],"ResponseHeaders":[{"Name":"Accept-Ranges","Value":"bytes"},{"Name":"Cache-Control","Value":"no-cache"},{"Name":"Content-Length","Value":"255257"},{"Name":"Content-Type","Value":"image/png"},{"Name":"ETag","Value":"\"lAVrqsWghSVEn83Gbaxa0dS8Mm4lTe7bv1/IdBNMXO0=\""},{"Name":"Last-Modified","Value":"Fri, 01 Aug 2025 01:50:38 GMT"}],"EndpointProperties":[{"Name":"integrity","Value":"sha256-lAVrqsWghSVEn83Gbaxa0dS8Mm4lTe7bv1/IdBNMXO0="}]},{"Route":"Images/Ironhide.png","AssetFile":"Images/Ironhide.png","Selectors":[],"ResponseHeaders":[{"Name":"Accept-Ranges","Value":"bytes"},{"Name":"Cache-Control","Value":"no-cache"},{"Name":"Content-Length","Value":"116035"},{"Name":"Content-Type","Value":"image/png"},{"Name":"ETag","Value":"\"al+GVk4A4VA02glI5dqIYl3h3NQELBLew59aEtIOgvM=\""},{"Name":"Last-Modified","Value":"Fri, 01 Aug 2025 01:55:46 GMT"}],"EndpointProperties":[{"Name":"integrity","Value":"sha256-al+GVk4A4VA02glI5dqIYl3h3NQELBLew59aEtIOgvM="}]},{"Route":"Images/Megatron_(Decepticon).jpg","AssetFile":"Images/Megatron_(Decepticon).jpg","Selectors":[],"ResponseHeaders":[{"Name":"Accept-Ranges","Value":"bytes"},{"Name":"Cache-Control","Value":"no-cache"},{"Name":"Content-Length","Value":"19311"},{"Name":"Content-Type","Value":"image/jpeg"},{"Name":"ETag","Value":"\"2P+dNlEdm2CJe50xRZFMjuSAQv9EPjYS28AH1PsjwXQ=\""},{"Name":"Last-Modified","Value":"Wed, 02 Jul 2025 20:53:00 GMT"}],"EndpointProperties":[{"Name":"integrity","Value":"sha256-2P+dNlEdm2CJe50xRZFMjuSAQv9EPjYS28AH1PsjwXQ="}]},{"Route":"Images/Optimus.jpg","AssetFile":"Images/Optimus.jpg","Selectors":[],"ResponseHeaders":[{"Name":"Accept-Ranges","Value":"bytes"},{"Name":"Cache-Control","Value":"no-cache"},{"Name":"Content-Length","Value":"29885"},{"Name":"Content-Type","Value":"image/jpeg"},{"Name":"ETag","Value":"\"78hmA+Q8qNVmstsI6KKcfhMt5B8g6W7X3VPss+Xnw5Q=\""},{"Name":"Last-Modified","Value":"Sat, 05 Jul 2025 02:52:58 GMT"}],"EndpointProperties":[{"Name":"integrity","Value":"sha256-78hmA+Q8qNVmstsI6KKcfhMt5B8g6W7X3VPss+Xnw5Q="}]},{"Route":"Images/bumblebee.jpg","AssetFile":"Images/bumblebee.jpg","Selectors":[],"ResponseHeaders":[{"Name":"Accept-Ranges","Value":"bytes"},{"Name":"Cache-Control","Value":"no-cache"},{"Name":"Content-Length","Value":"29854"},{"Name":"Content-Type","Value":"image/jpeg"},{"Name":"ETag","Value":"\"Ev4M+//tKt0hO1Qbtd83wLF5PU/ngsD+VFsh4Q8TXRU=\""},{"Name":"Last-Modified","Value":"Sat, 05 Jul 2025 02:58:26 GMT"}],"EndpointProperties":[{"Name":"integrity","Value":"sha256-Ev4M+//tKt0hO1Qbtd83wLF5PU/ngsD+VFsh4Q8TXRU="}]},{"Route":"Images/sideswipe.png","AssetFile":"Images/sideswipe.png","Selectors":[],"ResponseHeaders":[{"Name":"Accept-Ranges","Value":"bytes"},{"Name":"Cache-Control","Value":"no-cache"},{"Name":"Content-Length","Value":"178729"},{"Name":"Content-Type","Value":"image/png"},{"Name":"ETag","Value":"\"LMrbJiKXSBMOu6ML/7AimYMIr3aizAR4yCriVRp2iRg=\""},{"Name":"Last-Modified","Value":"Fri, 01 Aug 2025 01:53:24 GMT"}],"EndpointProperties":[{"Name":"integrity","Value":"sha256-LMrbJiKXSBMOu6ML/7AimYMIr3aizAR4yCriVRp2iRg="}]},{"Route":"Images/soundwave.png","AssetFile":"Images/soundwave.png","Selectors":[],"ResponseHeaders":[{"Name":"Accept-Ranges","Value":"bytes"},{"Name":"Cache-Control","Value":"no-cache"},{"Name":"Content-Length","Value":"80883"},{"Name":"Content-Type","Value":"image/png"},{"Name":"ETag","Value":"\"lE6S+8hOB10o4ZsvErC+Y3K+lj9GfMUQKY4qIlrS1m4=\""},{"Name":"Last-Modified","Value":"Fri, 01 Aug 2025 01:50:54 GMT"}],"EndpointProperties":[{"Name":"integrity","Value":"sha256-lE6S+8hOB10o4ZsvErC+Y3K+lj9GfMUQKY4qIlrS1m4="}]},{"Route":"Images/starscream.jpg","AssetFile":"Images/starscream.jpg","Selectors":[],"ResponseHeaders":[{"Name":"Accept-Ranges","Value":"bytes"},{"Name":"Cache-Control","Value":"no-cache"},{"Name":"Content-Length","Value":"243127"},{"Name":"Content-Type","Value":"image/jpeg"},{"Name":"ETag","Value":"\"F1sdmbhGRUnPaQ4J5hvl4Mrq4Zl5SfDvZehoKnh9Qpo=\""},{"Name":"Last-Modified","Value":"Sat, 05 Jul 2025 03:43:06 GMT"}],"EndpointProperties":[{"Name":"integrity","Value":"sha256-F1sdmbhGRUnPaQ4J5hvl4Mrq4Zl5SfDvZehoKnh9Qpo="}]},{"Route":"Images/transformericon.jpg","AssetFile":"Images/transformericon.jpg","Selectors":[],"ResponseHeaders":[{"Name":"Accept-Ranges","Value":"bytes"},{"Name":"Cache-Control","Value":"no-cache"},{"Name":"Content-Length","Value":"29004"},{"Name":"Content-Type","Value":"image/jpeg"},{"Name":"ETag","Value":"\"OywQ6mZGbpcGGmloTQbUamYFbAz7cPU+/Qgbwle1zos=\""},{"Name":"Last-Modified","Value":"Thu, 03 Jul 2025 04:05:38 GMT"}],"EndpointProperties":[{"Name":"integrity","Value":"sha256-OywQ6mZGbpcGGmloTQbUamYFbAz7cPU+/Qgbwle1zos="}]},{"Route":"assets/index-BWwxpHYq.css","AssetFile":"assets/index-BWwxpHYq.css.br","Selectors":[{"Name":"Content-Encoding","Value":"br","Quality":"0.001560062402"}],"ResponseHeaders":[{"Name":"Accept-Ranges","Value":"bytes"},{"Name":"Cache-Control","Value":"no-cache"},{"Name":"Content-Encoding","Value":"br"},{"Name":"Content-Length","Value":"640"},{"Name":"Content-Type","Value":"text/css"},{"Name":"ETag","Value":"\"Hw5FQ/o8YDp6qcyki239Jv2ZIq7CGXOQKF17kcEMZCM=\""},{"Name":"ETag","Value":"W/\"MeDaYHmUNX8whhGwUKgSBUELmyOPJLXGy243YkX5sD8=\""},{"Name":"Last-Modified","Value":"Sun, 03 Aug 2025 19:37:32 GMT"},{"Name":"Vary","Value":"Content-Encoding"}],"EndpointProperties":[{"Name":"integrity","Value":"sha256-MeDaYHmUNX8whhGwUKgSBUELmyOPJLXGy243YkX5sD8="}]},{"Route":"assets/index-BWwxpHYq.css","AssetFile":"assets/index-BWwxpHYq.css.gz","Selectors":[{"Name":"Content-Encoding","Value":"gzip","Quality":"0.001245330012"}],"ResponseHeaders":[{"Name":"Accept-Ranges","Value":"bytes"},{"Name":"Cache-Control","Value":"no-cache"},{"Name":"Content-Encoding","Value":"gzip"},{"Name":"Content-Length","Value":"802"},{"Name":"Content-Type","Value":"text/css"},{"Name":"ETag","Value":"\"lbun8q8DUPpqdZuYGMgtPmJCx1jPrrsK1Yf3mcY5/ZE=\""},{"Name":"ETag","Value":"W/\"MeDaYHmUNX8whhGwUKgSBUELmyOPJLXGy243YkX5sD8=\""},{"Name":"Last-Modified","Value":"Sun, 03 Aug 2025 19:37:32 GMT"},{"Name":"Vary","Value":"Content-Encoding"}],"EndpointProperties":[{"Name":"integrity","Value":"sha256-MeDaYHmUNX8whhGwUKgSBUELmyOPJLXGy243YkX5sD8="}]},{"Route":"assets/index-BWwxpHYq.css","AssetFile":"assets/index-BWwxpHYq.css","Selectors":[],"ResponseHeaders":[{"Name":"Accept-Ranges","Value":"bytes"},{"Name":"Cache-Control","Value":"no-cache"},{"Name":"Content-Length","Value":"1894"},{"Name":"Content-Type","Value":"text/css"},{"Name":"ETag","Value":"\"MeDaYHmUNX8whhGwUKgSBUELmyOPJLXGy243YkX5sD8=\""},{"Name":"Last-Modified","Value":"Sun, 03 Aug 2025 19:37:32 GMT"}],"EndpointProperties":[{"Name":"integrity","Value":"sha256-MeDaYHmUNX8whhGwUKgSBUELmyOPJLXGy243YkX5sD8="}]},{"Route":"assets/index-BWwxpHYq.css.br","AssetFile":"assets/index-BWwxpHYq.css.br","Selectors":[],"ResponseHeaders":[{"Name":"Accept-Ranges","Value":"bytes"},{"Name":"Cache-Control","Value":"no-cache"},{"Name":"Content-Encoding","Value":"br"},{"Name":"Content-Length","Value":"640"},{"Name":"Content-Type","Value":"text/css"},{"Name":"ETag","Value":"\"Hw5FQ/o8YDp6qcyki239Jv2ZIq7CGXOQKF17kcEMZCM=\""},{"Name":"Last-Modified","Value":"Sun, 03 Aug 2025 19:37:32 GMT"},{"Name":"Vary","Value":"Content-Encoding"}],"EndpointProperties":[{"Name":"integrity","Value":"sha256-Hw5FQ/o8YDp6qcyki239Jv2ZIq7CGXOQKF17kcEMZCM="}]},{"Route":"assets/index-BWwxpHYq.css.gz","AssetFile":"assets/index-BWwxpHYq.css.gz","Selectors":[],"ResponseHeaders":[{"Name":"Accept-Ranges","Value":"bytes"},{"Name":"Cache-Control","Value":"no-cache"},{"Name":"Content-Encoding","Value":"gzip"},{"Name":"Content-Length","Value":"802"},{"Name":"Content-Type","Value":"text/css"},{"Name":"ETag","Value":"\"lbun8q8DUPpqdZuYGMgtPmJCx1jPrrsK1Yf3mcY5/ZE=\""},{"Name":"Last-Modified","Value":"Sun, 03 Aug 2025 19:37:32 GMT"},{"Name":"Vary","Value":"Content-Encoding"}],"EndpointProperties":[{"Name":"integrity","Value":"sha256-lbun8q8DUPpqdZuYGMgtPmJCx1jPrrsK1Yf3mcY5/ZE="}]},{"Route":"assets/index-POeDTj5T.js","AssetFile":"assets/index-POeDTj5T.js.br","Selectors":[{"Name":"Content-Encoding","Value":"br","Quality":"0.000019313968"}],"ResponseHeaders":[{"Name":"Accept-Ranges","Value":"bytes"},{"Name":"Cache-Control","Value":"no-cache"},{"Name":"Content-Encoding","Value":"br"},{"Name":"Content-Length","Value":"51775"},{"Name":"Content-Type","Value":"text/javascript"},{"Name":"ETag","Value":"\"Zl8f/eUMephrvp9CHaunzhMAIVanN33TPGgq8da9gCE=\""},{"Name":"ETag","Value":"W/\"9CJ1a7f9sAbho3PGkZprmmhYU1W+F9/RQATTROJllO8=\""},{"Name":"Last-Modified","Value":"Sun, 03 Aug 2025 19:37:32 GMT"},{"Name":"Vary","Value":"Content-Encoding"}],"EndpointProperties":[{"Name":"integrity","Value":"sha256-9CJ1a7f9sAbho3PGkZprmmhYU1W+F9/RQATTROJllO8="}]},{"Route":"assets/index-POeDTj5T.js","AssetFile":"assets/index-POeDTj5T.js.gz","Selectors":[{"Name":"Content-Encoding","Value":"gzip","Quality":"0.000016668889"}],"ResponseHeaders":[{"Name":"Accept-Ranges","Value":"bytes"},{"Name":"Cache-Control","Value":"no-cache"},{"Name":"Content-Encoding","Value":"gzip"},{"Name":"Content-Length","Value":"59991"},{"Name":"Content-Type","Value":"text/javascript"},{"Name":"ETag","Value":"\"DC6W7OvFZYViUI97WJ1dGERjIW/AkBsvEEPHe5HfwBw=\""},{"Name":"ETag","Value":"W/\"9CJ1a7f9sAbho3PGkZprmmhYU1W+F9/RQATTROJllO8=\""},{"Name":"Last-Modified","Value":"Sun, 03 Aug 2025 19:37:32 GMT"},{"Name":"Vary","Value":"Content-Encoding"}],"EndpointProperties":[{"Name":"integrity","Value":"sha256-9CJ1a7f9sAbho3PGkZprmmhYU1W+F9/RQATTROJllO8="}]},{"Route":"assets/index-POeDTj5T.js","AssetFile":"assets/index-POeDTj5T.js","Selectors":[],"ResponseHeaders":[{"Name":"Accept-Ranges","Value":"bytes"},{"Name":"Cache-Control","Value":"no-cache"},{"Name":"Content-Length","Value":"191520"},{"Name":"Content-Type","Value":"text/javascript"},{"Name":"ETag","Value":"\"9CJ1a7f9sAbho3PGkZprmmhYU1W+F9/RQATTROJllO8=\""},{"Name":"Last-Modified","Value":"Sun, 03 Aug 2025 19:37:32 GMT"}],"EndpointProperties":[{"Name":"integrity","Value":"sha256-9CJ1a7f9sAbho3PGkZprmmhYU1W+F9/RQATTROJllO8="}]},{"Route":"assets/index-POeDTj5T.js.br","AssetFile":"assets/index-POeDTj5T.js.br","Selectors":[],"ResponseHeaders":[{"Name":"Accept-Ranges","Value":"bytes"},{"Name":"Cache-Control","Value":"no-cache"},{"Name":"Content-Encoding","Value":"br"},{"Name":"Content-Length","Value":"51775"},{"Name":"Content-Type","Value":"text/javascript"},{"Name":"ETag","Value":"\"Zl8f/eUMephrvp9CHaunzhMAIVanN33TPGgq8da9gCE=\""},{"Name":"Last-Modified","Value":"Sun, 03 Aug 2025 19:37:32 GMT"},{"Name":"Vary","Value":"Content-Encoding"}],"EndpointProperties":[{"Name":"integrity","Value":"sha256-Zl8f/eUMephrvp9CHaunzhMAIVanN33TPGgq8da9gCE="}]},{"Route":"assets/index-POeDTj5T.js.gz","AssetFile":"assets/index-POeDTj5T.js.gz","Selectors":[],"ResponseHeaders":[{"Name":"Accept-Ranges","Value":"bytes"},{"Name":"Cache-Control","Value":"no-cache"},{"Name":"Content-Encoding","Value":"gzip"},{"Name":"Content-Length","Value":"59991"},{"Name":"Content-Type","Value":"text/javascript"},{"Name":"ETag","Value":"\"DC6W7OvFZYViUI97WJ1dGERjIW/AkBsvEEPHe5HfwBw=\""},{"Name":"Last-Modified","Value":"Sun, 03 Aug 2025 19:37:32 GMT"},{"Name":"Vary","Value":"Content-Encoding"}],"EndpointProperties":[{"Name":"integrity","Value":"sha256-DC6W7OvFZYViUI97WJ1dGERjIW/AkBsvEEPHe5HfwBw="}]},{"Route":"index.html","AssetFile":"index.html.br","Selectors":[{"Name":"Content-Encoding","Value":"br","Quality":"0.005076142132"}],"ResponseHeaders":[{"Name":"Accept-Ranges","Value":"bytes"},{"Name":"Cache-Control","Value":"no-cache"},{"Name":"Content-Encoding","Value":"br"},{"Name":"Content-Length","Value":"196"},{"Name":"Content-Type","Value":"text/html"},{"Name":"ETag","Value":"\"3AdQYoXC7wB6nDREpsqOPUk6pjiwI9io4LheU3TvXbQ=\""},{"Name":"ETag","Value":"W/\"9hzF4grAckExn9yec1QA1afwQpb3xgdhgZdUmRKuILg=\""},{"Name":"Last-Modified","Value":"Sun, 03 Aug 2025 19:37:32 GMT"},{"Name":"Vary","Value":"Content-Encoding"}],"EndpointProperties":[{"Name":"integrity","Value":"sha256-9hzF4grAckExn9yec1QA1afwQpb3xgdhgZdUmRKuILg="}]},{"Route":"index.html","AssetFile":"index.html.gz","Selectors":[{"Name":"Content-Encoding","Value":"gzip","Quality":"0.003311258278"}],"ResponseHeaders":[{"Name":"Accept-Ranges","Value":"bytes"},{"Name":"Cache-Control","Value":"no-cache"},{"Name":"Content-Encoding","Value":"gzip"},{"Name":"Content-Length","Value":"301"},{"Name":"Content-Type","Value":"text/html"},{"Name":"ETag","Value":"\"XdiflZUwyTl+e2gFb47r1dtRDBNb9arDBXpFPFxkzfw=\""},{"Name":"ETag","Value":"W/\"9hzF4grAckExn9yec1QA1afwQpb3xgdhgZdUmRKuILg=\""},{"Name":"Last-Modified","Value":"Sun, 03 Aug 2025 19:37:32 GMT"},{"Name":"Vary","Value":"Content-Encoding"}],"EndpointProperties":[{"Name":"integrity","Value":"sha256-9hzF4grAckExn9yec1QA1afwQpb3xgdhgZdUmRKuILg="}]},{"Route":"index.html","AssetFile":"index.html","Selectors":[],"ResponseHeaders":[{"Name":"Accept-Ranges","Value":"bytes"},{"Name":"Cache-Control","Value":"no-cache"},{"Name":"Content-Length","Value":"464"},{"Name":"Content-Type","Value":"text/html"},{"Name":"ETag","Value":"\"9hzF4grAckExn9yec1QA1afwQpb3xgdhgZdUmRKuILg=\""},{"Name":"Last-Modified","Value":"Sun, 03 Aug 2025 19:37:32 GMT"}],"EndpointProperties":[{"Name":"integrity","Value":"sha256-9hzF4grAckExn9yec1QA1afwQpb3xgdhgZdUmRKuILg="}]},{"Route":"index.html.br","AssetFile":"index.html.br","Selectors":[],"ResponseHeaders":[{"Name":"Accept-Ranges","Value":"bytes"},{"Name":"Cache-Control","Value":"no-cache"},{"Name":"Content-Encoding","Value":"br"},{"Name":"Content-Length","Value":"196"},{"Name":"Content-Type","Value":"text/html"},{"Name":"ETag","Value":"\"3AdQYoXC7wB6nDREpsqOPUk6pjiwI9io4LheU3TvXbQ=\""},{"Name":"Last-Modified","Value":"Sun, 03 Aug 2025 19:37:32 GMT"},{"Name":"Vary","Value":"Content-Encoding"}],"EndpointProperties":[{"Name":"integrity","Value":"sha256-3AdQYoXC7wB6nDREpsqOPUk6pjiwI9io4LheU3TvXbQ="}]},{"Route":"index.html.gz","AssetFile":"index.html.gz","Selectors":[],"ResponseHeaders":[{"Name":"Accept-Ranges","Value":"bytes"},{"Name":"Cache-Control","Value":"no-cache"},{"Name":"Content-Encoding","Value":"gzip"},{"Name":"Content-Length","Value":"301"},{"Name":"Content-Type","Value":"text/html"},{"Name":"ETag","Value":"\"XdiflZUwyTl+e2gFb47r1dtRDBNb9arDBXpFPFxkzfw=\""},{"Name":"Last-Modified","Value":"Sun, 03 Aug 2025 19:37:32 GMT"},{"Name":"Vary","Value":"Content-Encoding"}],"EndpointProperties":[{"Name":"integrity","Value":"sha256-XdiflZUwyTl+e2gFb47r1dtRDBNb9arDBXpFPFxkzfw="}]},{"Route":"vite.svg","AssetFile":"vite.svg.br","Selectors":[{"Name":"Content-Encoding","Value":"br","Quality":"0.001485884101"}],"ResponseHeaders":[{"Name":"Accept-Ranges","Value":"bytes"},{"Name":"Cache-Control","Value":"no-cache"},{"Name":"Content-Encoding","Value":"br"},{"Name":"Content-Length","Value":"672"},{"Name":"Content-Type","Value":"image/svg+xml"},{"Name":"ETag","Value":"\"ojgkTRs8O5BbJRvhn48R73h+4WBGEeBhXbrIrIbtbX0=\""},{"Name":"ETag","Value":"W/\"SnSK/UQ5GLsWWRyDTEAdrjPoeGGrXbrQgRw6O0qSFPs=\""},{"Name":"Last-Modified","Value":"Wed, 16 Jul 2025 02:38:20 GMT"},{"Name":"Vary","Value":"Content-Encoding"}],"EndpointProperties":[{"Name":"integrity","Value":"sha256-SnSK/UQ5GLsWWRyDTEAdrjPoeGGrXbrQgRw6O0qSFPs="}]},{"Route":"vite.svg","AssetFile":"vite.svg.gz","Selectors":[{"Name":"Content-Encoding","Value":"gzip","Quality":"0.001295336788"}],"ResponseHeaders":[{"Name":"Accept-Ranges","Value":"bytes"},{"Name":"Cache-Control","Value":"no-cache"},{"Name":"Content-Encoding","Value":"gzip"},{"Name":"Content-Length","Value":"771"},{"Name":"Content-Type","Value":"image/svg+xml"},{"Name":"ETag","Value":"\"42ZKYnnpG2O7vIztmMCZl7s7P7zEVzwp4uJimFruiSY=\""},{"Name":"ETag","Value":"W/\"SnSK/UQ5GLsWWRyDTEAdrjPoeGGrXbrQgRw6O0qSFPs=\""},{"Name":"Last-Modified","Value":"Wed, 16 Jul 2025 02:38:20 GMT"},{"Name":"Vary","Value":"Content-Encoding"}],"EndpointProperties":[{"Name":"integrity","Value":"sha256-SnSK/UQ5GLsWWRyDTEAdrjPoeGGrXbrQgRw6O0qSFPs="}]},{"Route":"vite.svg","AssetFile":"vite.svg","Selectors":[],"ResponseHeaders":[{"Name":"Accept-Ranges","Value":"bytes"},{"Name":"Cache-Control","Value":"no-cache"},{"Name":"Content-Length","Value":"1497"},{"Name":"Content-Type","Value":"image/svg+xml"},{"Name":"ETag","Value":"\"SnSK/UQ5GLsWWRyDTEAdrjPoeGGrXbrQgRw6O0qSFPs=\""},{"Name":"Last-Modified","Value":"Sun, 29 Jun 2025 19:33:02 GMT"}],"EndpointProperties":[{"Name":"integrity","Value":"sha256-SnSK/UQ5GLsWWRyDTEAdrjPoeGGrXbrQgRw6O0qSFPs="}]},{"Route":"vite.svg.br","AssetFile":"vite.svg.br","Selectors":[],"ResponseHeaders":[{"Name":"Accept-Ranges","Value":"bytes"},{"Name":"Cache-Control","Value":"no-cache"},{"Name":"Content-Encoding","Value":"br"},{"Name":"Content-Length","Value":"672"},{"Name":"Content-Type","Value":"image/svg+xml"},{"Name":"ETag","Value":"\"ojgkTRs8O5BbJRvhn48R73h+4WBGEeBhXbrIrIbtbX0=\""},{"Name":"Last-Modified","Value":"Wed, 16 Jul 2025 02:38:20 GMT"},{"Name":"Vary","Value":"Content-Encoding"}],"EndpointProperties":[{"Name":"integrity","Value":"sha256-ojgkTRs8O5BbJRvhn48R73h+4WBGEeBhXbrIrIbtbX0="}]},{"Route":"vite.svg.gz","AssetFile":"vite.svg.gz","Selectors":[],"ResponseHeaders":[{"Name":"Accept-Ranges","Value":"bytes"},{"Name":"Cache-Control","Value":"no-cache"},{"Name":"Content-Encoding","Value":"gzip"},{"Name":"Content-Length","Value":"771"},{"Name":"Content-Type","Value":"image/svg+xml"},{"Name":"ETag","Value":"\"42ZKYnnpG2O7vIztmMCZl7s7P7zEVzwp4uJimFruiSY=\""},{"Name":"Last-Modified","Value":"Wed, 16 Jul 2025 02:38:20 GMT"},{"Name":"Vary","Value":"Content-Encoding"}],"EndpointProperties":[{"Name":"integrity","Value":"sha256-42ZKYnnpG2O7vIztmMCZl7s7P7zEVzwp4uJimFruiSY="}]}]}