{"Version":1,"ManifestType":"Publish","Endpoints":[{"Route":"Images/Megatron_(Decepticon).jpg","AssetFile":"Images/Megatron_(Decepticon).jpg","Selectors":[],"ResponseHeaders":[{"Name":"Accept-Ranges","Value":"bytes"},{"Name":"Cache-Control","Value":"no-cache"},{"Name":"Content-Length","Value":"19311"},{"Name":"Content-Type","Value":"image/jpeg"},{"Name":"ETag","Value":"\"2P+dNlEdm2CJe50xRZFMjuSAQv9EPjYS28AH1PsjwXQ=\""},{"Name":"Last-Modified","Value":"Wed, 02 Jul 2025 20:53:00 GMT"}],"EndpointProperties":[{"Name":"integrity","Value":"sha256-2P+dNlEdm2CJe50xRZFMjuSAQv9EPjYS28AH1PsjwXQ="}]},{"Route":"Images/Optimus.jpg","AssetFile":"Images/Optimus.jpg","Selectors":[],"ResponseHeaders":[{"Name":"Accept-Ranges","Value":"bytes"},{"Name":"Cache-Control","Value":"no-cache"},{"Name":"Content-Length","Value":"29885"},{"Name":"Content-Type","Value":"image/jpeg"},{"Name":"ETag","Value":"\"78hmA+Q8qNVmstsI6KKcfhMt5B8g6W7X3VPss+Xnw5Q=\""},{"Name":"Last-Modified","Value":"Sat, 05 Jul 2025 02:52:58 GMT"}],"EndpointProperties":[{"Name":"integrity","Value":"sha256-78hmA+Q8qNVmstsI6KKcfhMt5B8g6W7X3VPss+Xnw5Q="}]},{"Route":"Images/bumblebee.jpg","AssetFile":"Images/bumblebee.jpg","Selectors":[],"ResponseHeaders":[{"Name":"Accept-Ranges","Value":"bytes"},{"Name":"Cache-Control","Value":"no-cache"},{"Name":"Content-Length","Value":"29854"},{"Name":"Content-Type","Value":"image/jpeg"},{"Name":"ETag","Value":"\"Ev4M+//tKt0hO1Qbtd83wLF5PU/ngsD+VFsh4Q8TXRU=\""},{"Name":"Last-Modified","Value":"Sat, 05 Jul 2025 02:58:26 GMT"}],"EndpointProperties":[{"Name":"integrity","Value":"sha256-Ev4M+//tKt0hO1Qbtd83wLF5PU/ngsD+VFsh4Q8TXRU="}]},{"Route":"Images/starscream.jpg","AssetFile":"Images/starscream.jpg","Selectors":[],"ResponseHeaders":[{"Name":"Accept-Ranges","Value":"bytes"},{"Name":"Cache-Control","Value":"no-cache"},{"Name":"Content-Length","Value":"243127"},{"Name":"Content-Type","Value":"image/jpeg"},{"Name":"ETag","Value":"\"F1sdmbhGRUnPaQ4J5hvl4Mrq4Zl5SfDvZehoKnh9Qpo=\""},{"Name":"Last-Modified","Value":"Sat, 05 Jul 2025 03:43:06 GMT"}],"EndpointProperties":[{"Name":"integrity","Value":"sha256-F1sdmbhGRUnPaQ4J5hvl4Mrq4Zl5SfDvZehoKnh9Qpo="}]},{"Route":"Images/transformericon.jpg","AssetFile":"Images/transformericon.jpg","Selectors":[],"ResponseHeaders":[{"Name":"Accept-Ranges","Value":"bytes"},{"Name":"Cache-Control","Value":"no-cache"},{"Name":"Content-Length","Value":"29004"},{"Name":"Content-Type","Value":"image/jpeg"},{"Name":"ETag","Value":"\"OywQ6mZGbpcGGmloTQbUamYFbAz7cPU+/Qgbwle1zos=\""},{"Name":"Last-Modified","Value":"Thu, 03 Jul 2025 04:05:38 GMT"}],"EndpointProperties":[{"Name":"integrity","Value":"sha256-OywQ6mZGbpcGGmloTQbUamYFbAz7cPU+/Qgbwle1zos="}]},{"Route":"assets/index-CoF55qto.css","AssetFile":"assets/index-CoF55qto.css.br","Selectors":[{"Name":"Content-Encoding","Value":"br","Quality":"0.001455604076"}],"ResponseHeaders":[{"Name":"Accept-Ranges","Value":"bytes"},{"Name":"Cache-Control","Value":"no-cache"},{"Name":"Content-Encoding","Value":"br"},{"Name":"Content-Length","Value":"686"},{"Name":"Content-Type","Value":"text/css"},{"Name":"ETag","Value":"\"NIhJ9y8L7HvTmJdY3AMli4RWIZMXCsZVaKK0KNPHFmY=\""},{"Name":"ETag","Value":"W/\"wG0RYtV5tfQ1L4UlIvL/xIujsu/acuVN2NqQkUaeP20=\""},{"Name":"Last-Modified","Value":"Wed, 16 Jul 2025 03:19:28 GMT"},{"Name":"Vary","Value":"Content-Encoding"}],"EndpointProperties":[{"Name":"integrity","Value":"sha256-wG0RYtV5tfQ1L4UlIvL/xIujsu/acuVN2NqQkUaeP20="}]},{"Route":"assets/index-CoF55qto.css","AssetFile":"assets/index-CoF55qto.css.gz","Selectors":[{"Name":"Content-Encoding","Value":"gzip","Quality":"0.001170960187"}],"ResponseHeaders":[{"Name":"Accept-Ranges","Value":"bytes"},{"Name":"Cache-Control","Value":"no-cache"},{"Name":"Content-Encoding","Value":"gzip"},{"Name":"Content-Length","Value":"853"},{"Name":"Content-Type","Value":"text/css"},{"Name":"ETag","Value":"\"BbCdLmmE49LaZEjLeqmvGf4c/aQ+iZUeG6K0hojshVE=\""},{"Name":"ETag","Value":"W/\"wG0RYtV5tfQ1L4UlIvL/xIujsu/acuVN2NqQkUaeP20=\""},{"Name":"Last-Modified","Value":"Wed, 16 Jul 2025 03:19:28 GMT"},{"Name":"Vary","Value":"Content-Encoding"}],"EndpointProperties":[{"Name":"integrity","Value":"sha256-wG0RYtV5tfQ1L4UlIvL/xIujsu/acuVN2NqQkUaeP20="}]},{"Route":"assets/index-CoF55qto.css","AssetFile":"assets/index-CoF55qto.css","Selectors":[],"ResponseHeaders":[{"Name":"Accept-Ranges","Value":"bytes"},{"Name":"Cache-Control","Value":"no-cache"},{"Name":"Content-Length","Value":"2007"},{"Name":"Content-Type","Value":"text/css"},{"Name":"ETag","Value":"\"wG0RYtV5tfQ1L4UlIvL/xIujsu/acuVN2NqQkUaeP20=\""},{"Name":"Last-Modified","Value":"Wed, 16 Jul 2025 03:19:28 GMT"}],"EndpointProperties":[{"Name":"integrity","Value":"sha256-wG0RYtV5tfQ1L4UlIvL/xIujsu/acuVN2NqQkUaeP20="}]},{"Route":"assets/index-CoF55qto.css.br","AssetFile":"assets/index-CoF55qto.css.br","Selectors":[],"ResponseHeaders":[{"Name":"Accept-Ranges","Value":"bytes"},{"Name":"Cache-Control","Value":"no-cache"},{"Name":"Content-Encoding","Value":"br"},{"Name":"Content-Length","Value":"686"},{"Name":"Content-Type","Value":"text/css"},{"Name":"ETag","Value":"\"NIhJ9y8L7HvTmJdY3AMli4RWIZMXCsZVaKK0KNPHFmY=\""},{"Name":"Last-Modified","Value":"Wed, 16 Jul 2025 03:19:28 GMT"},{"Name":"Vary","Value":"Content-Encoding"}],"EndpointProperties":[{"Name":"integrity","Value":"sha256-NIhJ9y8L7HvTmJdY3AMli4RWIZMXCsZVaKK0KNPHFmY="}]},{"Route":"assets/index-CoF55qto.css.gz","AssetFile":"assets/index-CoF55qto.css.gz","Selectors":[],"ResponseHeaders":[{"Name":"Accept-Ranges","Value":"bytes"},{"Name":"Cache-Control","Value":"no-cache"},{"Name":"Content-Encoding","Value":"gzip"},{"Name":"Content-Length","Value":"853"},{"Name":"Content-Type","Value":"text/css"},{"Name":"ETag","Value":"\"BbCdLmmE49LaZEjLeqmvGf4c/aQ+iZUeG6K0hojshVE=\""},{"Name":"Last-Modified","Value":"Wed, 16 Jul 2025 03:19:28 GMT"},{"Name":"Vary","Value":"Content-Encoding"}],"EndpointProperties":[{"Name":"integrity","Value":"sha256-BbCdLmmE49LaZEjLeqmvGf4c/aQ+iZUeG6K0hojshVE="}]},{"Route":"assets/index-pyqE0rT7.js","AssetFile":"assets/index-pyqE0rT7.js.br","Selectors":[{"Name":"Content-Encoding","Value":"br","Quality":"0.000019235208"}],"ResponseHeaders":[{"Name":"Accept-Ranges","Value":"bytes"},{"Name":"Cache-Control","Value":"no-cache"},{"Name":"Content-Encoding","Value":"br"},{"Name":"Content-Length","Value":"51987"},{"Name":"Content-Type","Value":"text/javascript"},{"Name":"ETag","Value":"\"ygc/VHZtkrYR8dlXwWDeazu0vwn68+1PuzQMQEuJTRc=\""},{"Name":"ETag","Value":"W/\"om76m+k+SNmVNMZVmgCvvUoeoqqinbDXjK+TXSHQnYE=\""},{"Name":"Last-Modified","Value":"Wed, 16 Jul 2025 03:19:28 GMT"},{"Name":"Vary","Value":"Content-Encoding"}],"EndpointProperties":[{"Name":"integrity","Value":"sha256-om76m+k+SNmVNMZVmgCvvUoeoqqinbDXjK+TXSHQnYE="}]},{"Route":"assets/index-pyqE0rT7.js","AssetFile":"assets/index-pyqE0rT7.js.gz","Selectors":[{"Name":"Content-Encoding","Value":"gzip","Quality":"0.000016616540"}],"ResponseHeaders":[{"Name":"Accept-Ranges","Value":"bytes"},{"Name":"Cache-Control","Value":"no-cache"},{"Name":"Content-Encoding","Value":"gzip"},{"Name":"Content-Length","Value":"60180"},{"Name":"Content-Type","Value":"text/javascript"},{"Name":"ETag","Value":"\"nO8b2QglIsucWsYehp/z9DEnSwBZYMUXvKh0ccDzyRs=\""},{"Name":"ETag","Value":"W/\"om76m+k+SNmVNMZVmgCvvUoeoqqinbDXjK+TXSHQnYE=\""},{"Name":"Last-Modified","Value":"Wed, 16 Jul 2025 03:19:28 GMT"},{"Name":"Vary","Value":"Content-Encoding"}],"EndpointProperties":[{"Name":"integrity","Value":"sha256-om76m+k+SNmVNMZVmgCvvUoeoqqinbDXjK+TXSHQnYE="}]},{"Route":"assets/index-pyqE0rT7.js","AssetFile":"assets/index-pyqE0rT7.js","Selectors":[],"ResponseHeaders":[{"Name":"Accept-Ranges","Value":"bytes"},{"Name":"Cache-Control","Value":"no-cache"},{"Name":"Content-Length","Value":"194065"},{"Name":"Content-Type","Value":"text/javascript"},{"Name":"ETag","Value":"\"om76m+k+SNmVNMZVmgCvvUoeoqqinbDXjK+TXSHQnYE=\""},{"Name":"Last-Modified","Value":"Wed, 16 Jul 2025 03:19:28 GMT"}],"EndpointProperties":[{"Name":"integrity","Value":"sha256-om76m+k+SNmVNMZVmgCvvUoeoqqinbDXjK+TXSHQnYE="}]},{"Route":"assets/index-pyqE0rT7.js.br","AssetFile":"assets/index-pyqE0rT7.js.br","Selectors":[],"ResponseHeaders":[{"Name":"Accept-Ranges","Value":"bytes"},{"Name":"Cache-Control","Value":"no-cache"},{"Name":"Content-Encoding","Value":"br"},{"Name":"Content-Length","Value":"51987"},{"Name":"Content-Type","Value":"text/javascript"},{"Name":"ETag","Value":"\"ygc/VHZtkrYR8dlXwWDeazu0vwn68+1PuzQMQEuJTRc=\""},{"Name":"Last-Modified","Value":"Wed, 16 Jul 2025 03:19:28 GMT"},{"Name":"Vary","Value":"Content-Encoding"}],"EndpointProperties":[{"Name":"integrity","Value":"sha256-ygc/VHZtkrYR8dlXwWDeazu0vwn68+1PuzQMQEuJTRc="}]},{"Route":"assets/index-pyqE0rT7.js.gz","AssetFile":"assets/index-pyqE0rT7.js.gz","Selectors":[],"ResponseHeaders":[{"Name":"Accept-Ranges","Value":"bytes"},{"Name":"Cache-Control","Value":"no-cache"},{"Name":"Content-Encoding","Value":"gzip"},{"Name":"Content-Length","Value":"60180"},{"Name":"Content-Type","Value":"text/javascript"},{"Name":"ETag","Value":"\"nO8b2QglIsucWsYehp/z9DEnSwBZYMUXvKh0ccDzyRs=\""},{"Name":"Last-Modified","Value":"Wed, 16 Jul 2025 03:19:28 GMT"},{"Name":"Vary","Value":"Content-Encoding"}],"EndpointProperties":[{"Name":"integrity","Value":"sha256-nO8b2QglIsucWsYehp/z9DEnSwBZYMUXvKh0ccDzyRs="}]},{"Route":"index.html","AssetFile":"index.html.br","Selectors":[{"Name":"Content-Encoding","Value":"br","Quality":"0.004950495050"}],"ResponseHeaders":[{"Name":"Accept-Ranges","Value":"bytes"},{"Name":"Cache-Control","Value":"no-cache"},{"Name":"Content-Encoding","Value":"br"},{"Name":"Content-Length","Value":"201"},{"Name":"Content-Type","Value":"text/html"},{"Name":"ETag","Value":"\"MHegM+bV+m/K8Mj94zOJ/kGXmQ94dwEcxQrV5ZZtXHs=\""},{"Name":"ETag","Value":"W/\"J8Vj30C8CpD5fUO6d+ZVi17NGwur6IvRIv4oLUI6vaQ=\""},{"Name":"Last-Modified","Value":"Wed, 16 Jul 2025 03:19:28 GMT"},{"Name":"Vary","Value":"Content-Encoding"}],"EndpointProperties":[{"Name":"integrity","Value":"sha256-J8Vj30C8CpD5fUO6d+ZVi17NGwur6IvRIv4oLUI6vaQ="}]},{"Route":"index.html","AssetFile":"index.html.gz","Selectors":[{"Name":"Content-Encoding","Value":"gzip","Quality":"0.003355704698"}],"ResponseHeaders":[{"Name":"Accept-Ranges","Value":"bytes"},{"Name":"Cache-Control","Value":"no-cache"},{"Name":"Content-Encoding","Value":"gzip"},{"Name":"Content-Length","Value":"297"},{"Name":"Content-Type","Value":"text/html"},{"Name":"ETag","Value":"\"sOZhJp6txWlVP4o1RO2kB1AXP8HBVsR89h0H4/f+G2w=\""},{"Name":"ETag","Value":"W/\"J8Vj30C8CpD5fUO6d+ZVi17NGwur6IvRIv4oLUI6vaQ=\""},{"Name":"Last-Modified","Value":"Wed, 16 Jul 2025 03:19:28 GMT"},{"Name":"Vary","Value":"Content-Encoding"}],"EndpointProperties":[{"Name":"integrity","Value":"sha256-J8Vj30C8CpD5fUO6d+ZVi17NGwur6IvRIv4oLUI6vaQ="}]},{"Route":"index.html","AssetFile":"index.html","Selectors":[],"ResponseHeaders":[{"Name":"Accept-Ranges","Value":"bytes"},{"Name":"Cache-Control","Value":"no-cache"},{"Name":"Content-Length","Value":"464"},{"Name":"Content-Type","Value":"text/html"},{"Name":"ETag","Value":"\"J8Vj30C8CpD5fUO6d+ZVi17NGwur6IvRIv4oLUI6vaQ=\""},{"Name":"Last-Modified","Value":"Wed, 16 Jul 2025 03:19:28 GMT"}],"EndpointProperties":[{"Name":"integrity","Value":"sha256-J8Vj30C8CpD5fUO6d+ZVi17NGwur6IvRIv4oLUI6vaQ="}]},{"Route":"index.html.br","AssetFile":"index.html.br","Selectors":[],"ResponseHeaders":[{"Name":"Accept-Ranges","Value":"bytes"},{"Name":"Cache-Control","Value":"no-cache"},{"Name":"Content-Encoding","Value":"br"},{"Name":"Content-Length","Value":"201"},{"Name":"Content-Type","Value":"text/html"},{"Name":"ETag","Value":"\"MHegM+bV+m/K8Mj94zOJ/kGXmQ94dwEcxQrV5ZZtXHs=\""},{"Name":"Last-Modified","Value":"Wed, 16 Jul 2025 03:19:28 GMT"},{"Name":"Vary","Value":"Content-Encoding"}],"EndpointProperties":[{"Name":"integrity","Value":"sha256-MHegM+bV+m/K8Mj94zOJ/kGXmQ94dwEcxQrV5ZZtXHs="}]},{"Route":"index.html.gz","AssetFile":"index.html.gz","Selectors":[],"ResponseHeaders":[{"Name":"Accept-Ranges","Value":"bytes"},{"Name":"Cache-Control","Value":"no-cache"},{"Name":"Content-Encoding","Value":"gzip"},{"Name":"Content-Length","Value":"297"},{"Name":"Content-Type","Value":"text/html"},{"Name":"ETag","Value":"\"sOZhJp6txWlVP4o1RO2kB1AXP8HBVsR89h0H4/f+G2w=\""},{"Name":"Last-Modified","Value":"Wed, 16 Jul 2025 03:19:28 GMT"},{"Name":"Vary","Value":"Content-Encoding"}],"EndpointProperties":[{"Name":"integrity","Value":"sha256-sOZhJp6txWlVP4o1RO2kB1AXP8HBVsR89h0H4/f+G2w="}]},{"Route":"vite.svg","AssetFile":"vite.svg.br","Selectors":[{"Name":"Content-Encoding","Value":"br","Quality":"0.001485884101"}],"ResponseHeaders":[{"Name":"Accept-Ranges","Value":"bytes"},{"Name":"Cache-Control","Value":"no-cache"},{"Name":"Content-Encoding","Value":"br"},{"Name":"Content-Length","Value":"672"},{"Name":"Content-Type","Value":"image/svg+xml"},{"Name":"ETag","Value":"\"ojgkTRs8O5BbJRvhn48R73h+4WBGEeBhXbrIrIbtbX0=\""},{"Name":"ETag","Value":"W/\"SnSK/UQ5GLsWWRyDTEAdrjPoeGGrXbrQgRw6O0qSFPs=\""},{"Name":"Last-Modified","Value":"Wed, 16 Jul 2025 02:38:20 GMT"},{"Name":"Vary","Value":"Content-Encoding"}],"EndpointProperties":[{"Name":"integrity","Value":"sha256-SnSK/UQ5GLsWWRyDTEAdrjPoeGGrXbrQgRw6O0qSFPs="}]},{"Route":"vite.svg","AssetFile":"vite.svg.gz","Selectors":[{"Name":"Content-Encoding","Value":"gzip","Quality":"0.001295336788"}],"ResponseHeaders":[{"Name":"Accept-Ranges","Value":"bytes"},{"Name":"Cache-Control","Value":"no-cache"},{"Name":"Content-Encoding","Value":"gzip"},{"Name":"Content-Length","Value":"771"},{"Name":"Content-Type","Value":"image/svg+xml"},{"Name":"ETag","Value":"\"42ZKYnnpG2O7vIztmMCZl7s7P7zEVzwp4uJimFruiSY=\""},{"Name":"ETag","Value":"W/\"SnSK/UQ5GLsWWRyDTEAdrjPoeGGrXbrQgRw6O0qSFPs=\""},{"Name":"Last-Modified","Value":"Wed, 16 Jul 2025 02:38:20 GMT"},{"Name":"Vary","Value":"Content-Encoding"}],"EndpointProperties":[{"Name":"integrity","Value":"sha256-SnSK/UQ5GLsWWRyDTEAdrjPoeGGrXbrQgRw6O0qSFPs="}]},{"Route":"vite.svg","AssetFile":"vite.svg","Selectors":[],"ResponseHeaders":[{"Name":"Accept-Ranges","Value":"bytes"},{"Name":"Cache-Control","Value":"no-cache"},{"Name":"Content-Length","Value":"1497"},{"Name":"Content-Type","Value":"image/svg+xml"},{"Name":"ETag","Value":"\"SnSK/UQ5GLsWWRyDTEAdrjPoeGGrXbrQgRw6O0qSFPs=\""},{"Name":"Last-Modified","Value":"Sun, 29 Jun 2025 19:33:02 GMT"}],"EndpointProperties":[{"Name":"integrity","Value":"sha256-SnSK/UQ5GLsWWRyDTEAdrjPoeGGrXbrQgRw6O0qSFPs="}]},{"Route":"vite.svg.br","AssetFile":"vite.svg.br","Selectors":[],"ResponseHeaders":[{"Name":"Accept-Ranges","Value":"bytes"},{"Name":"Cache-Control","Value":"no-cache"},{"Name":"Content-Encoding","Value":"br"},{"Name":"Content-Length","Value":"672"},{"Name":"Content-Type","Value":"image/svg+xml"},{"Name":"ETag","Value":"\"ojgkTRs8O5BbJRvhn48R73h+4WBGEeBhXbrIrIbtbX0=\""},{"Name":"Last-Modified","Value":"Wed, 16 Jul 2025 02:38:20 GMT"},{"Name":"Vary","Value":"Content-Encoding"}],"EndpointProperties":[{"Name":"integrity","Value":"sha256-ojgkTRs8O5BbJRvhn48R73h+4WBGEeBhXbrIrIbtbX0="}]},{"Route":"vite.svg.gz","AssetFile":"vite.svg.gz","Selectors":[],"ResponseHeaders":[{"Name":"Accept-Ranges","Value":"bytes"},{"Name":"Cache-Control","Value":"no-cache"},{"Name":"Content-Encoding","Value":"gzip"},{"Name":"Content-Length","Value":"771"},{"Name":"Content-Type","Value":"image/svg+xml"},{"Name":"ETag","Value":"\"42ZKYnnpG2O7vIztmMCZl7s7P7zEVzwp4uJimFruiSY=\""},{"Name":"Last-Modified","Value":"Wed, 16 Jul 2025 02:38:20 GMT"},{"Name":"Vary","Value":"Content-Encoding"}],"EndpointProperties":[{"Name":"integrity","Value":"sha256-42ZKYnnpG2O7vIztmMCZl7s7P7zEVzwp4uJimFruiSY="}]}]}